GROUP,PACKAGE,CLASS,INSTRUCTION_MISSED,INSTRUCTION_COVERED,BRANCH_MISSED,BRANCH_COVERED,LINE_MISSED,LINE_COVERED,COMPLEXITY_MISSED,COMPLEXITY_COVERED,METHOD_MISSED,METHOD_COVERED
PlanetsAndMoons,com.revature.models,User,36,29,7,1,12,12,5,8,1,8
PlanetsAndMoons,com.revature.models,UsernamePasswordAuthentication,24,50,11,7,10,16,10,6,1,6
PlanetsAndMoons,com.revature.models,Moon,16,44,4,4,5,16,5,8,1,8
PlanetsAndMoons,com.revature.models,Planet,28,32,8,0,10,11,5,8,1,8
PlanetsAndMoons,com.revature.utilities,PageProvider,22,0,0,0,5,0,2,0,2,0
PlanetsAndMoons,com.revature.utilities,ConnectionUtil,12,23,1,1,4,7,2,1,1,1
PlanetsAndMoons,com.revature.utilities,RequestMapper,233,0,2,0,35,0,23,0,22,0
PlanetsAndMoons,com.revature.repository,UserDao,12,116,3,5,3,31,3,4,0,3
PlanetsAndMoons,com.revature.repository,PlanetDao,113,231,12,12,31,67,10,8,1,5
PlanetsAndMoons,com.revature.repository,MoonDao,147,229,12,18,45,60,12,11,2,6
PlanetsAndMoons,com.revature,MainDriver,31,0,0,0,12,0,5,0,5,0
PlanetsAndMoons,com.revature.controller,MoonController,138,0,2,0,30,0,8,0,7,0
PlanetsAndMoons,com.revature.controller,PlanetController,157,0,8,0,35,0,10,0,6,0
PlanetsAndMoons,com.revature.controller,UserController,72,0,6,0,18,0,8,0,5,0
PlanetsAndMoons,com.revature.service,UserService,2,114,5,21,1,27,5,12,0,4
PlanetsAndMoons,com.revature.service,PlanetService,5,124,1,19,1,36,2,16,1,7
PlanetsAndMoons,com.revature.service,MoonService,10,87,0,14,2,24,2,14,2,7
PlanetsAndMoons,com.revature.exceptions,MoonFailException,4,0,0,0,2,0,1,0,1,0
PlanetsAndMoons,com.revature.exceptions,NotLoggedInException,24,0,0,0,10,0,5,0,5,0
PlanetsAndMoons,com.revature.exceptions,UserFailException,4,0,0,0,2,0,1,0,1,0
PlanetsAndMoons,com.revature.exceptions,PlanetFailException,0,4,0,0,0,2,0,1,0,1
